filename,words
image_0001.jpg,10500.31230.123СБ
image_0002.jpg,Каркас площадки
image_0003.jpg,Сборочный чертеж
image_0004.jpg,Лим.
image_0005.jpg,Масса
image_0006.jpg,Масштаб
image_0007.jpg,"16,0"
image_0008.jpg,1:10
image_0009.jpg,Лист
image_0010.jpg,Листов 1
image_0011.jpg,Формат АЗ
image_0012.jpg,Чертёж
image_0013.jpg,Деталь
image_0014.jpg,Размер
image_0015.jpg,Сборка
image_0016.jpg,Узел № 1 (1:2)
image_0017.jpg,Применить по всем поз. 2
image_0018.jpg,10500.31230.123СБ
image_0019.jpg,Каркас площадки
image_0020.jpg,Сборочный чертеж
image_0021.jpg,"16,0"
image_0022.jpg,1:10
image_0023.jpg,Фонометр АЗ
image_0024.jpg,70x5=350
image_0025.jpg,450
image_0026.jpg,50
image_0027.jpg,900
image_0028.jpg,550
image_0029.jpg,20
image_0030.jpg,п.7 TT
image_0031.jpg,Узел 1
image_0032.jpg,Техника безопасности по нормативной документации завода-строителя.
image_0033.jpg,Сварка по альбому 10000.12310.654.
image_0034.jpg,Контроль сварных швов по 4-й категории ОСТ5Р.1093-93.
image_0035.jpg,Неуказанные предельные отклонения по ГОСТ 30893.1-2002 ± IT14/2.
image_0036.jpg,Грунтовать мехоперационным грунтом по технологии завода-строителя.
image_0037.jpg,* Размеры для справок.
image_0038.jpg,Кромку подготовить под сварку по узлу № 145 альбома 10000.12310.654.
image_0039.jpg,АБВГДЕЁЖЗИЙКЛМНОПРСТУФХЦЧШЩЪЫЬЭЮЯ
image_0040.jpg,абвгдеёжзийклмнопрстуфхцчшщъыьэюя
image_0041.jpg,0123456789
image_0042.jpg,"!""#$%&'()*+,-./:;<=>?@[\]^_`{|}~"
image_0043.jpg,abcdefghijklmnopqrstuvwxyz
image_0044.jpg,ABCDEFGHIJKLMNOPQRSTUVWXYZ
image_0045.jpg,"Тестовая строка с различными символами: !@#$%^&*()_+{}[]|;:'"",.<>/?"
image_0046.jpg,"Пример текста с заглавными и строчными буквами: Привет, мир!"
image_0047.jpg,Сложная комбинация символов: 123ABCabc!@#
image_0048.jpg,Русский текст с цифрами и символами: 10500.31230.123СБ
image_0049.jpg,Специальные символы: «»—‘’“”
image_0050.jpg,Вид спереди
image_0051.jpg,Вид сверху
image_0052.jpg,Вид слева
image_0053.jpg,Разрез А-А
image_0054.jpg,Разрез Б-Б
image_0055.jpg,Сечение 1-1
image_0056.jpg,Сечение 2-2
image_0057.jpg,Материал: Сталь 45
image_0058.jpg,Термическая обработка
image_0059.jpg,Шероховатость Ra 3.2
image_0060.jpg,Шероховатость Ra 6.3
image_0061.jpg,Шероховатость Ra 12.5
image_0062.jpg,Твердость HRC 40-45
image_0063.jpg,Твердость HB 200-250
image_0064.jpg,Допуск формы
image_0065.jpg,Допуск расположения
image_0066.jpg,Поз. 1
image_0067.jpg,Поз. 2
image_0068.jpg,Поз. 3
image_0069.jpg,Поз. 4
image_0070.jpg,Поз. 5
image_0071.jpg,Поз. 6
image_0072.jpg,Поз. 7
image_0073.jpg,Поз. 8
image_0074.jpg,Поз. 9
image_0075.jpg,Поз. 10
image_0076.jpg,Количество: 1 шт.
image_0077.jpg,Количество: 2 шт.
image_0078.jpg,Количество: 4 шт.
image_0079.jpg,Количество: 8 шт.
image_0080.jpg,Количество: 10 шт.
image_0081.jpg,ГОСТ 2.301-68
image_0082.jpg,ГОСТ 2.302-68
image_0083.jpg,ГОСТ 2.303-68
image_0084.jpg,ГОСТ 2.304-81
image_0085.jpg,ГОСТ 2.305-68
image_0086.jpg,ГОСТ 2.306-68
image_0087.jpg,ГОСТ 2.307-68
image_0088.jpg,ГОСТ 2.309-73
image_0089.jpg,ГОСТ 2.310-68
image_0090.jpg,ГОСТ 2.311-68
image_0091.jpg,ГОСТ 2.312-72
image_0092.jpg,ГОСТ 2.313-72
image_0093.jpg,ГОСТ 2.314-72
image_0094.jpg,ГОСТ 2.315-72
image_0095.jpg,ГОСТ 2.316-72
image_0096.jpg,ГОСТ 2.317-69
image_0097.jpg,ГОСТ 2.318-72
image_0098.jpg,ГОСТ 2.319-72
image_0099.jpg,ГОСТ 2.320-72
image_0100.jpg,ГОСТ 2.321-82
image_0101.jpg,Обозначение
image_0102.jpg,Наименование
image_0103.jpg,Кол.
image_0104.jpg,"Масса, кг"
image_0105.jpg,Примечание
image_0106.jpg,Изменение 1
image_0107.jpg,Изменение 2
image_0108.jpg,Изменение 3
image_0109.jpg,Инв. № подл.
image_0110.jpg,Подпись
image_0111.jpg,Дата
image_0112.jpg,Взамен
image_0113.jpg,Утверждено
image_0114.jpg,Разработал
image_0115.jpg,Проверил
image_0116.jpg,Н. контроль
image_0117.jpg,Утвердил
image_0118.jpg,Нормативно-справочная документация
image_0119.jpg,Справ. №
image_0120.jpg,Перв. примен.
image_0121.jpg,Копировал
image_0122.jpg,Формат А4
image_0123.jpg,Формат А3
image_0124.jpg,Формат А2
image_0125.jpg,Формат А1
image_0126.jpg,Формат А0
image_0127.jpg,Оригинал-подлинник
image_0128.jpg,Дубликат
image_0129.jpg,Копия
image_0130.jpg,Электронный документ
image_0131.jpg,Скан-копия
image_0132.jpg,Архивный экземпляр
image_0133.jpg,Эксплуатационный экземпляр
image_0134.jpg,Справочный экземпляр
image_0135.jpg,Конструкторский отдел
image_0136.jpg,Отдел главного технолога
image_0137.jpg,Отдел метрологии
image_0138.jpg,Отдел стандартизации
image_0139.jpg,Отдел качества
image_0140.jpg,Отдел сбыта
image_0141.jpg,Отдел комплектации
image_0142.jpg,Производственный участок
image_0143.jpg,Цех №1
image_0144.jpg,Цех №2
image_0145.jpg,Цех №3
image_0146.jpg,Цех №4
image_0147.jpg,Цех №5
image_0148.jpg,Склад материалов
image_0149.jpg,Склад готовой продукции
image_0150.jpg,Испытательный центр
image_0151.jpg,Лаборатория
image_0152.jpg,Бюро технического контроля
image_0153.jpg,Отдел технического контроля
image_0154.jpg,Главный метролог
image_0155.jpg,Главный технолог
image_0156.jpg,Главный конструктор
image_0157.jpg,Начальник КБ
image_0158.jpg,Начальник цеха
image_0159.jpg,Мастер участка
image_0160.jpg,Бригадир
image_0161.jpg,Инженер-конструктор
image_0162.jpg,Инженер-технолог
image_0163.jpg,Инженер-метролог
image_0164.jpg,Техник
image_0165.jpg,Мастер
image_0166.jpg,Наладчик
image_0167.jpg,Слесарь
image_0168.jpg,Фрезеровщик
image_0169.jpg,Токарь
image_0170.jpg,Шлифовщик
image_0171.jpg,Сварщик
image_0172.jpg,Контролер ОТК
image_0173.jpg,Механик
image_0174.jpg,Электрик
image_0175.jpg,КИПиА
image_0176.jpg,Автоматчик
image_0177.jpg,Программист
image_0178.jpg,Проектировщик
image_0179.jpg,Сборка узла
image_0180.jpg,Сварочные работы
image_0181.jpg,Механическая обработка
image_0182.jpg,Термическая обработка
image_0183.jpg,Покраска
image_0184.jpg,Упаковка
image_0185.jpg,Отгрузка
image_0186.jpg,Контроль качества
image_0187.jpg,Испытания
image_0188.jpg,Сертификация
image_0189.jpg,Техническое обслуживание
image_0190.jpg,Ремонт
image_0191.jpg,Модернизация
image_0192.jpg,Реконструкция
image_0193.jpg,Замена
image_0194.jpg,Установка
image_0195.jpg,Монтаж
image_0196.jpg,Демонтаж
image_0197.jpg,Перевозка
image_0198.jpg,Хранение
image_0199.jpg,Консервация
image_0200.jpg,Расконсервация
image_0201.jpg,Утилизация
image_0202.jpg,Списание
image_0203.jpg,Восстановление
image_0204.jpg,Ремонтный комплект
image_0205.jpg,Запасные части
image_0206.jpg,Инструменты
image_0207.jpg,Оснастка
image_0208.jpg,Приспособления
image_0209.jpg,Оборудование
image_0210.jpg,Машины
image_0211.jpg,Агрегаты
image_0212.jpg,Узлы
image_0213.jpg,Детали
image_0214.jpg,Комплекты
image_0215.jpg,Сборочные единицы
image_0216.jpg,Изделия
image_0217.jpg,Продукция
image_0218.jpg,Товары
image_0219.jpg,Материалы
image_0220.jpg,Сырье
image_0221.jpg,Компоненты
image_0222.jpg,Элементы
image_0223.jpg,Узлы конструкции
image_0224.jpg,Детали конструкции
image_0225.jpg,Сборочные чертежи
image_0226.jpg,Рабочие чертежи
image_0227.jpg,Эскизные чертежи
image_0228.jpg,Схемы
image_0229.jpg,Диаграммы
image_0230.jpg,Графики
image_0231.jpg,Таблицы
image_0232.jpg,Спецификации
image_0233.jpg,Ведомости
image_0234.jpg,Перечни
image_0235.jpg,Каталоги
image_0236.jpg,Инструкции
image_0237.jpg,Руководства
image_0238.jpg,Документация
image_0239.jpg,Чертежи
image_0240.jpg,Документы
image_0241.jpg,10500.31230.123СБ
image_0242.jpg,Каркас площадки
image_0243.jpg,Сборочный чертеж
image_0244.jpg,Лим.
image_0245.jpg,Масса
image_0246.jpg,Масштаб
image_0247.jpg,"16,0"
image_0248.jpg,1:10
image_0249.jpg,Лист
image_0250.jpg,Листов 1
image_0251.jpg,Формат АЗ
image_0252.jpg,Чертёж
image_0253.jpg,Деталь
image_0254.jpg,Размер
image_0255.jpg,Сборка
image_0256.jpg,Узел № 1 (1:2)
image_0257.jpg,Применить по всем поз. 2
image_0258.jpg,10500.31230.123СБ
image_0259.jpg,Каркас площадки
image_0260.jpg,Сборочный чертеж
image_0261.jpg,"16,0"
image_0262.jpg,1:10
image_0263.jpg,Фонометр АЗ
image_0264.jpg,70x5=350
image_0265.jpg,450
image_0266.jpg,50
image_0267.jpg,900
image_0268.jpg,550
image_0269.jpg,20
image_0270.jpg,п.7 TT
image_0271.jpg,Узел 1
image_0272.jpg,Техника безопасности по нормативной документации завода-строителя.
image_0273.jpg,Сварка по альбому 10000.12310.654.
image_0274.jpg,Контроль сварных швов по 4-й категории ОСТ5Р.1093-93.
image_0275.jpg,Неуказанные предельные отклонения по ГОСТ 30893.1-2002 ± IT14/2.
image_0276.jpg,Грунтовать мехоперационным грунтом по технологии завода-строителя.
image_0277.jpg,* Размеры для справок.
image_0278.jpg,Кромку подготовить под сварку по узлу № 145 альбома 10000.12310.654.
image_0279.jpg,АБВГДЕЁЖЗИЙКЛМНОПРСТУФХЦЧШЩЪЫЬЭЮЯ
image_0280.jpg,абвгдеёжзийклмнопрстуфхцчшщъыьэюя
image_0281.jpg,0123456789
image_0282.jpg,"!""#$%&'()*+,-./:;<=>?@[\]^_`{|}~"
image_0283.jpg,abcdefghijklmnopqrstuvwxyz
image_0284.jpg,ABCDEFGHIJKLMNOPQRSTUVWXYZ
image_0285.jpg,"Тестовая строка с различными символами: !@#$%^&*()_+{}[]|;:'"",.<>/?"
image_0286.jpg,"Пример текста с заглавными и строчными буквами: Привет, мир!"
image_0287.jpg,Сложная комбинация символов: 123ABCabc!@#
image_0288.jpg,Русский текст с цифрами и символами: 10500.31230.123СБ
image_0289.jpg,Специальные символы: «»—‘’“”
image_0290.jpg,Вид спереди
image_0291.jpg,Вид сверху
image_0292.jpg,Вид слева
image_0293.jpg,Разрез А-А
image_0294.jpg,Разрез Б-Б
image_0295.jpg,Сечение 1-1
image_0296.jpg,Сечение 2-2
image_0297.jpg,Материал: Сталь 45
image_0298.jpg,Термическая обработка
image_0299.jpg,Шероховатость Ra 3.2
image_0300.jpg,Шероховатость Ra 6.3
image_0301.jpg,Шероховатость Ra 12.5
image_0302.jpg,Твердость HRC 40-45
image_0303.jpg,Твердость HB 200-250
image_0304.jpg,Допуск формы
image_0305.jpg,Допуск расположения
image_0306.jpg,Поз. 1
image_0307.jpg,Поз. 2
image_0308.jpg,Поз. 3
image_0309.jpg,Поз. 4
image_0310.jpg,Поз. 5
image_0311.jpg,Поз. 6
image_0312.jpg,Поз. 7
image_0313.jpg,Поз. 8
image_0314.jpg,Поз. 9
image_0315.jpg,Поз. 10
image_0316.jpg,Количество: 1 шт.
image_0317.jpg,Количество: 2 шт.
image_0318.jpg,Количество: 4 шт.
image_0319.jpg,Количество: 8 шт.
image_0320.jpg,Количество: 10 шт.
image_0321.jpg,ГОСТ 2.301-68
image_0322.jpg,ГОСТ 2.302-68
image_0323.jpg,ГОСТ 2.303-68
image_0324.jpg,ГОСТ 2.304-81
image_0325.jpg,ГОСТ 2.305-68
image_0326.jpg,ГОСТ 2.306-68
image_0327.jpg,ГОСТ 2.307-68
image_0328.jpg,ГОСТ 2.309-73
image_0329.jpg,ГОСТ 2.310-68
image_0330.jpg,ГОСТ 2.311-68
image_0331.jpg,ГОСТ 2.312-72
image_0332.jpg,ГОСТ 2.313-72
image_0333.jpg,ГОСТ 2.314-72
image_0334.jpg,ГОСТ 2.315-72
image_0335.jpg,ГОСТ 2.316-72
image_0336.jpg,ГОСТ 2.317-69
image_0337.jpg,ГОСТ 2.318-72
image_0338.jpg,ГОСТ 2.319-72
image_0339.jpg,ГОСТ 2.320-72
image_0340.jpg,ГОСТ 2.321-82
image_0341.jpg,Обозначение
image_0342.jpg,Наименование
image_0343.jpg,Кол.
image_0344.jpg,"Масса, кг"
image_0345.jpg,Примечание
image_0346.jpg,Изменение 1
image_0347.jpg,Изменение 2
image_0348.jpg,Изменение 3
image_0349.jpg,Инв. № подл.
image_0350.jpg,Подпись
image_0351.jpg,Дата
image_0352.jpg,Взамен
image_0353.jpg,Утверждено
image_0354.jpg,Разработал
image_0355.jpg,Проверил
image_0356.jpg,Н. контроль
image_0357.jpg,Утвердил
image_0358.jpg,Нормативно-справочная документация
image_0359.jpg,Справ. №
image_0360.jpg,Перв. примен.
image_0361.jpg,Копировал
image_0362.jpg,Формат А4
image_0363.jpg,Формат А3
image_0364.jpg,Формат А2
image_0365.jpg,Формат А1
image_0366.jpg,Формат А0
image_0367.jpg,Оригинал-подлинник
image_0368.jpg,Дубликат
image_0369.jpg,Копия
image_0370.jpg,Электронный документ
image_0371.jpg,Скан-копия
image_0372.jpg,Архивный экземпляр
image_0373.jpg,Эксплуатационный экземпляр
image_0374.jpg,Справочный экземпляр
image_0375.jpg,Конструкторский отдел
image_0376.jpg,Отдел главного технолога
image_0377.jpg,Отдел метрологии
image_0378.jpg,Отдел стандартизации
image_0379.jpg,Отдел качества
image_0380.jpg,Отдел сбыта
image_0381.jpg,Отдел комплектации
image_0382.jpg,Производственный участок
image_0383.jpg,Цех №1
image_0384.jpg,Цех №2
image_0385.jpg,Цех №3
image_0386.jpg,Цех №4
image_0387.jpg,Цех №5
image_0388.jpg,Склад материалов
image_0389.jpg,Склад готовой продукции
image_0390.jpg,Испытательный центр
image_0391.jpg,Лаборатория
image_0392.jpg,Бюро технического контроля
image_0393.jpg,Отдел технического контроля
image_0394.jpg,Главный метролог
image_0395.jpg,Главный технолог
image_0396.jpg,Главный конструктор
image_0397.jpg,Начальник КБ
image_0398.jpg,Начальник цеха
image_0399.jpg,Мастер участка
image_0400.jpg,Бригадир
image_0401.jpg,Инженер-конструктор
image_0402.jpg,Инженер-технолог
image_0403.jpg,Инженер-метролог
image_0404.jpg,Техник
image_0405.jpg,Мастер
image_0406.jpg,Наладчик
image_0407.jpg,Слесарь
image_0408.jpg,Фрезеровщик
image_0409.jpg,Токарь
image_0410.jpg,Шлифовщик
image_0411.jpg,Сварщик
image_0412.jpg,Контролер ОТК
image_0413.jpg,Механик
image_0414.jpg,Электрик
image_0415.jpg,КИПиА
image_0416.jpg,Автоматчик
image_0417.jpg,Программист
image_0418.jpg,Проектировщик
image_0419.jpg,Сборка узла
image_0420.jpg,Сварочные работы
image_0421.jpg,Механическая обработка
image_0422.jpg,Термическая обработка
image_0423.jpg,Покраска
image_0424.jpg,Упаковка
image_0425.jpg,Отгрузка
image_0426.jpg,Контроль качества
image_0427.jpg,Испытания
image_0428.jpg,Сертификация
image_0429.jpg,Техническое обслуживание
image_0430.jpg,Ремонт
image_0431.jpg,Модернизация
image_0432.jpg,Реконструкция
image_0433.jpg,Замена
image_0434.jpg,Установка
image_0435.jpg,Монтаж
image_0436.jpg,Демонтаж
image_0437.jpg,Перевозка
image_0438.jpg,Хранение
image_0439.jpg,Консервация
image_0440.jpg,Расконсервация
image_0441.jpg,Утилизация
image_0442.jpg,Списание
image_0443.jpg,Восстановление
image_0444.jpg,Ремонтный комплект
image_0445.jpg,Запасные части
image_0446.jpg,Инструменты
image_0447.jpg,Оснастка
image_0448.jpg,Приспособления
image_0449.jpg,Оборудование
image_0450.jpg,Машины
image_0451.jpg,Агрегаты
image_0452.jpg,Узлы
image_0453.jpg,Детали
image_0454.jpg,Комплекты
image_0455.jpg,Сборочные единицы
image_0456.jpg,Изделия
image_0457.jpg,Продукция
image_0458.jpg,Товары
image_0459.jpg,Материалы
image_0460.jpg,Сырье
image_0461.jpg,Компоненты
image_0462.jpg,Элементы
image_0463.jpg,Узлы конструкции
image_0464.jpg,Детали конструкции
image_0465.jpg,Сборочные чертежи
image_0466.jpg,Рабочие чертежи
image_0467.jpg,Эскизные чертежи
image_0468.jpg,Схемы
image_0469.jpg,Диаграммы
image_0470.jpg,Графики
image_0471.jpg,Таблицы
image_0472.jpg,Спецификации
image_0473.jpg,Ведомости
image_0474.jpg,Перечни
image_0475.jpg,Каталоги
image_0476.jpg,Инструкции
image_0477.jpg,Руководства
image_0478.jpg,Документация
image_0479.jpg,Чертежи
image_0480.jpg,Документы
image_0481.jpg,10500.31230.123СБ
image_0482.jpg,Каркас площадки
image_0483.jpg,Сборочный чертеж
image_0484.jpg,Лим.
image_0485.jpg,Масса
image_0486.jpg,Масштаб
image_0487.jpg,"16,0"
image_0488.jpg,1:10
image_0489.jpg,Лист
image_0490.jpg,Листов 1
image_0491.jpg,Формат АЗ
image_0492.jpg,Чертёж
image_0493.jpg,Деталь
image_0494.jpg,Размер
image_0495.jpg,Сборка
image_0496.jpg,Узел № 1 (1:2)
image_0497.jpg,Применить по всем поз. 2
image_0498.jpg,10500.31230.123СБ
image_0499.jpg,Каркас площадки
image_0500.jpg,Сборочный чертеж
image_0501.jpg,"16,0"
image_0502.jpg,1:10
image_0503.jpg,Фонометр АЗ
image_0504.jpg,70x5=350
image_0505.jpg,450
image_0506.jpg,50
image_0507.jpg,900
image_0508.jpg,550
image_0509.jpg,20
image_0510.jpg,п.7 TT
image_0511.jpg,Узел 1
image_0512.jpg,Техника безопасности по нормативной документации завода-строителя.
image_0513.jpg,Сварка по альбому 10000.12310.654.
image_0514.jpg,Контроль сварных швов по 4-й категории ОСТ5Р.1093-93.
image_0515.jpg,Неуказанные предельные отклонения по ГОСТ 30893.1-2002 ± IT14/2.
image_0516.jpg,Грунтовать мехоперационным грунтом по технологии завода-строителя.
image_0517.jpg,* Размеры для справок.
image_0518.jpg,Кромку подготовить под сварку по узлу № 145 альбома 10000.12310.654.
image_0519.jpg,АБВГДЕЁЖЗИЙКЛМНОПРСТУФХЦЧШЩЪЫЬЭЮЯ
image_0520.jpg,абвгдеёжзийклмнопрстуфхцчшщъыьэюя
image_0521.jpg,0123456789
image_0522.jpg,"!""#$%&'()*+,-./:;<=>?@[\]^_`{|}~"
image_0523.jpg,abcdefghijklmnopqrstuvwxyz
image_0524.jpg,ABCDEFGHIJKLMNOPQRSTUVWXYZ
image_0525.jpg,"Тестовая строка с различными символами: !@#$%^&*()_+{}[]|;:'"",.<>/?"
image_0526.jpg,"Пример текста с заглавными и строчными буквами: Привет, мир!"
image_0527.jpg,Сложная комбинация символов: 123ABCabc!@#
image_0528.jpg,Русский текст с цифрами и символами: 10500.31230.123СБ
image_0529.jpg,Специальные символы: «»—‘’“”
image_0530.jpg,Вид спереди
image_0531.jpg,Вид сверху
image_0532.jpg,Вид слева
image_0533.jpg,Разрез А-А
image_0534.jpg,Разрез Б-Б
image_0535.jpg,Сечение 1-1
image_0536.jpg,Сечение 2-2
image_0537.jpg,Материал: Сталь 45
image_0538.jpg,Термическая обработка
image_0539.jpg,Шероховатость Ra 3.2
image_0540.jpg,Шероховатость Ra 6.3
image_0541.jpg,Шероховатость Ra 12.5
image_0542.jpg,Твердость HRC 40-45
image_0543.jpg,Твердость HB 200-250
image_0544.jpg,Допуск формы
image_0545.jpg,Допуск расположения
image_0546.jpg,Поз. 1
image_0547.jpg,Поз. 2
image_0548.jpg,Поз. 3
image_0549.jpg,Поз. 4
image_0550.jpg,Поз. 5
image_0551.jpg,Поз. 6
image_0552.jpg,Поз. 7
image_0553.jpg,Поз. 8
image_0554.jpg,Поз. 9
image_0555.jpg,Поз. 10
image_0556.jpg,Количество: 1 шт.
image_0557.jpg,Количество: 2 шт.
image_0558.jpg,Количество: 4 шт.
image_0559.jpg,Количество: 8 шт.
image_0560.jpg,Количество: 10 шт.
image_0561.jpg,ГОСТ 2.301-68
image_0562.jpg,ГОСТ 2.302-68
image_0563.jpg,ГОСТ 2.303-68
image_0564.jpg,ГОСТ 2.304-81
image_0565.jpg,ГОСТ 2.305-68
image_0566.jpg,ГОСТ 2.306-68
image_0567.jpg,ГОСТ 2.307-68
image_0568.jpg,ГОСТ 2.309-73
image_0569.jpg,ГОСТ 2.310-68
image_0570.jpg,ГОСТ 2.311-68
image_0571.jpg,ГОСТ 2.312-72
image_0572.jpg,ГОСТ 2.313-72
image_0573.jpg,ГОСТ 2.314-72
image_0574.jpg,ГОСТ 2.315-72
image_0575.jpg,ГОСТ 2.316-72
image_0576.jpg,ГОСТ 2.317-69
image_0577.jpg,ГОСТ 2.318-72
image_0578.jpg,ГОСТ 2.319-72
image_0579.jpg,ГОСТ 2.320-72
image_0580.jpg,ГОСТ 2.321-82
image_0581.jpg,Обозначение
image_0582.jpg,Наименование
image_0583.jpg,Кол.
image_0584.jpg,"Масса, кг"
image_0585.jpg,Примечание
image_0586.jpg,Изменение 1
image_0587.jpg,Изменение 2
image_0588.jpg,Изменение 3
image_0589.jpg,Инв. № подл.
image_0590.jpg,Подпись
image_0591.jpg,Дата
image_0592.jpg,Взамен
image_0593.jpg,Утверждено
image_0594.jpg,Разработал
image_0595.jpg,Проверил
image_0596.jpg,Н. контроль
image_0597.jpg,Утвердил
image_0598.jpg,Нормативно-справочная документация
image_0599.jpg,Справ. №
image_0600.jpg,Перв. примен.
image_0601.jpg,Копировал
image_0602.jpg,Формат А4
image_0603.jpg,Формат А3
image_0604.jpg,Формат А2
image_0605.jpg,Формат А1
image_0606.jpg,Формат А0
image_0607.jpg,Оригинал-подлинник
image_0608.jpg,Дубликат
image_0609.jpg,Копия
image_0610.jpg,Электронный документ
image_0611.jpg,Скан-копия
image_0612.jpg,Архивный экземпляр
image_0613.jpg,Эксплуатационный экземпляр
image_0614.jpg,Справочный экземпляр
image_0615.jpg,Конструкторский отдел
image_0616.jpg,Отдел главного технолога
image_0617.jpg,Отдел метрологии
image_0618.jpg,Отдел стандартизации
image_0619.jpg,Отдел качества
image_0620.jpg,Отдел сбыта
image_0621.jpg,Отдел комплектации
image_0622.jpg,Производственный участок
image_0623.jpg,Цех №1
image_0624.jpg,Цех №2
image_0625.jpg,Цех №3
image_0626.jpg,Цех №4
image_0627.jpg,Цех №5
image_0628.jpg,Склад материалов
image_0629.jpg,Склад готовой продукции
image_0630.jpg,Испытательный центр
image_0631.jpg,Лаборатория
image_0632.jpg,Бюро технического контроля
image_0633.jpg,Отдел технического контроля
image_0634.jpg,Главный метролог
image_0635.jpg,Главный технолог
image_0636.jpg,Главный конструктор
image_0637.jpg,Начальник КБ
image_0638.jpg,Начальник цеха
image_0639.jpg,Мастер участка
image_0640.jpg,Бригадир
image_0641.jpg,Инженер-конструктор
image_0642.jpg,Инженер-технолог
image_0643.jpg,Инженер-метролог
image_0644.jpg,Техник
image_0645.jpg,Мастер
image_0646.jpg,Наладчик
image_0647.jpg,Слесарь
image_0648.jpg,Фрезеровщик
image_0649.jpg,Токарь
image_0650.jpg,Шлифовщик
image_0651.jpg,Сварщик
image_0652.jpg,Контролер ОТК
image_0653.jpg,Механик
image_0654.jpg,Электрик
image_0655.jpg,КИПиА
image_0656.jpg,Автоматчик
image_0657.jpg,Программист
image_0658.jpg,Проектировщик
image_0659.jpg,Сборка узла
image_0660.jpg,Сварочные работы
image_0661.jpg,Механическая обработка
image_0662.jpg,Термическая обработка
image_0663.jpg,Покраска
image_0664.jpg,Упаковка
image_0665.jpg,Отгрузка
image_0666.jpg,Контроль качества
image_0667.jpg,Испытания
image_0668.jpg,Сертификация
image_0669.jpg,Техническое обслуживание
image_0670.jpg,Ремонт
image_0671.jpg,Модернизация
image_0672.jpg,Реконструкция
image_0673.jpg,Замена
image_0674.jpg,Установка
image_0675.jpg,Монтаж
image_0676.jpg,Демонтаж
image_0677.jpg,Перевозка
image_0678.jpg,Хранение
image_0679.jpg,Консервация
image_0680.jpg,Расконсервация
image_0681.jpg,Утилизация
image_0682.jpg,Списание
image_0683.jpg,Восстановление
image_0684.jpg,Ремонтный комплект
image_0685.jpg,Запасные части
image_0686.jpg,Инструменты
image_0687.jpg,Оснастка
image_0688.jpg,Приспособления
image_0689.jpg,Оборудование
image_0690.jpg,Машины
image_0691.jpg,Агрегаты
image_0692.jpg,Узлы
image_0693.jpg,Детали
image_0694.jpg,Комплекты
image_0695.jpg,Сборочные единицы
image_0696.jpg,Изделия
image_0697.jpg,Продукция
image_0698.jpg,Товары
image_0699.jpg,Материалы
image_0700.jpg,Сырье
image_0701.jpg,Компоненты
image_0702.jpg,Элементы
image_0703.jpg,Узлы конструкции
image_0704.jpg,Детали конструкции
image_0705.jpg,Сборочные чертежи
image_0706.jpg,Рабочие чертежи
image_0707.jpg,Эскизные чертежи
image_0708.jpg,Схемы
image_0709.jpg,Диаграммы
image_0710.jpg,Графики
image_0711.jpg,Таблицы
image_0712.jpg,Спецификации
image_0713.jpg,Ведомости
image_0714.jpg,Перечни
image_0715.jpg,Каталоги
image_0716.jpg,Инструкции
image_0717.jpg,Руководства
image_0718.jpg,Документация
image_0719.jpg,Чертежи
image_0720.jpg,Документы
image_0721.jpg,10500.31230.123СБ
image_0722.jpg,Каркас площадки
image_0723.jpg,Сборочный чертеж
image_0724.jpg,Лим.
image_0725.jpg,Масса
image_0726.jpg,Масштаб
image_0727.jpg,"16,0"
image_0728.jpg,1:10
image_0729.jpg,Лист
image_0730.jpg,Листов 1
image_0731.jpg,Формат АЗ
image_0732.jpg,Чертёж
image_0733.jpg,Деталь
image_0734.jpg,Размер
image_0735.jpg,Сборка
image_0736.jpg,Узел № 1 (1:2)
image_0737.jpg,Применить по всем поз. 2
image_0738.jpg,10500.31230.123СБ
image_0739.jpg,Каркас площадки
image_0740.jpg,Сборочный чертеж
image_0741.jpg,"16,0"
image_0742.jpg,1:10
image_0743.jpg,Фонометр АЗ
image_0744.jpg,70x5=350
image_0745.jpg,450
image_0746.jpg,50
image_0747.jpg,900
image_0748.jpg,550
image_0749.jpg,20
image_0750.jpg,п.7 TT
image_0751.jpg,Узел 1
image_0752.jpg,Техника безопасности по нормативной документации завода-строителя.
image_0753.jpg,Сварка по альбому 10000.12310.654.
image_0754.jpg,Контроль сварных швов по 4-й категории ОСТ5Р.1093-93.
image_0755.jpg,Неуказанные предельные отклонения по ГОСТ 30893.1-2002 ± IT14/2.
image_0756.jpg,Грунтовать мехоперационным грунтом по технологии завода-строителя.
image_0757.jpg,* Размеры для справок.
image_0758.jpg,Кромку подготовить под сварку по узлу № 145 альбома 10000.12310.654.
image_0759.jpg,АБВГДЕЁЖЗИЙКЛМНОПРСТУФХЦЧШЩЪЫЬЭЮЯ
image_0760.jpg,абвгдеёжзийклмнопрстуфхцчшщъыьэюя
image_0761.jpg,0123456789
image_0762.jpg,"!""#$%&'()*+,-./:;<=>?@[\]^_`{|}~"
image_0763.jpg,abcdefghijklmnopqrstuvwxyz
image_0764.jpg,ABCDEFGHIJKLMNOPQRSTUVWXYZ
image_0765.jpg,"Тестовая строка с различными символами: !@#$%^&*()_+{}[]|;:'"",.<>/?"
image_0766.jpg,"Пример текста с заглавными и строчными буквами: Привет, мир!"
image_0767.jpg,Сложная комбинация символов: 123ABCabc!@#
image_0768.jpg,Русский текст с цифрами и символами: 10500.31230.123СБ
image_0769.jpg,Специальные символы: «»—‘’“”
image_0770.jpg,Вид спереди
image_0771.jpg,Вид сверху
image_0772.jpg,Вид слева
image_0773.jpg,Разрез А-А
image_0774.jpg,Разрез Б-Б
image_0775.jpg,Сечение 1-1
image_0776.jpg,Сечение 2-2
image_0777.jpg,Материал: Сталь 45
image_0778.jpg,Термическая обработка
image_0779.jpg,Шероховатость Ra 3.2
image_0780.jpg,Шероховатость Ra 6.3
image_0781.jpg,Шероховатость Ra 12.5
image_0782.jpg,Твердость HRC 40-45
image_0783.jpg,Твердость HB 200-250
image_0784.jpg,Допуск формы
image_0785.jpg,Допуск расположения
image_0786.jpg,Поз. 1
image_0787.jpg,Поз. 2
image_0788.jpg,Поз. 3
image_0789.jpg,Поз. 4
image_0790.jpg,Поз. 5
image_0791.jpg,Поз. 6
image_0792.jpg,Поз. 7
image_0793.jpg,Поз. 8
image_0794.jpg,Поз. 9
image_0795.jpg,Поз. 10
image_0796.jpg,Количество: 1 шт.
image_0797.jpg,Количество: 2 шт.
image_0798.jpg,Количество: 4 шт.
image_0799.jpg,Количество: 8 шт.
image_0800.jpg,Количество: 10 шт.
image_0801.jpg,ГОСТ 2.301-68
image_0802.jpg,ГОСТ 2.302-68
image_0803.jpg,ГОСТ 2.303-68
image_0804.jpg,ГОСТ 2.304-81
image_0805.jpg,ГОСТ 2.305-68
image_0806.jpg,ГОСТ 2.306-68
image_0807.jpg,ГОСТ 2.307-68
image_0808.jpg,ГОСТ 2.309-73
image_0809.jpg,ГОСТ 2.310-68
image_0810.jpg,ГОСТ 2.311-68
image_0811.jpg,ГОСТ 2.312-72
image_0812.jpg,ГОСТ 2.313-72
image_0813.jpg,ГОСТ 2.314-72
image_0814.jpg,ГОСТ 2.315-72
image_0815.jpg,ГОСТ 2.316-72
image_0816.jpg,ГОСТ 2.317-69
image_0817.jpg,ГОСТ 2.318-72
image_0818.jpg,ГОСТ 2.319-72
image_0819.jpg,ГОСТ 2.320-72
image_0820.jpg,ГОСТ 2.321-82
image_0821.jpg,Обозначение
image_0822.jpg,Наименование
image_0823.jpg,Кол.
image_0824.jpg,"Масса, кг"
image_0825.jpg,Примечание
image_0826.jpg,Изменение 1
image_0827.jpg,Изменение 2
image_0828.jpg,Изменение 3
image_0829.jpg,Инв. № подл.
image_0830.jpg,Подпись
image_0831.jpg,Дата
image_0832.jpg,Взамен
image_0833.jpg,Утверждено
image_0834.jpg,Разработал
image_0835.jpg,Проверил
image_0836.jpg,Н. контроль
image_0837.jpg,Утвердил
image_0838.jpg,Нормативно-справочная документация
image_0839.jpg,Справ. №
image_0840.jpg,Перв. примен.
image_0841.jpg,Копировал
image_0842.jpg,Формат А4
image_0843.jpg,Формат А3
image_0844.jpg,Формат А2
image_0845.jpg,Формат А1
image_0846.jpg,Формат А0
image_0847.jpg,Оригинал-подлинник
image_0848.jpg,Дубликат
image_0849.jpg,Копия
image_0850.jpg,Электронный документ
image_0851.jpg,Скан-копия
image_0852.jpg,Архивный экземпляр
image_0853.jpg,Эксплуатационный экземпляр
image_0854.jpg,Справочный экземпляр
image_0855.jpg,Конструкторский отдел
image_0856.jpg,Отдел главного технолога
image_0857.jpg,Отдел метрологии
image_0858.jpg,Отдел стандартизации
image_0859.jpg,Отдел качества
image_0860.jpg,Отдел сбыта
image_0861.jpg,Отдел комплектации
image_0862.jpg,Производственный участок
image_0863.jpg,Цех №1
image_0864.jpg,Цех №2
image_0865.jpg,Цех №3
image_0866.jpg,Цех №4
image_0867.jpg,Цех №5
image_0868.jpg,Склад материалов
image_0869.jpg,Склад готовой продукции
image_0870.jpg,Испытательный центр
image_0871.jpg,Лаборатория
image_0872.jpg,Бюро технического контроля
image_0873.jpg,Отдел технического контроля
image_0874.jpg,Главный метролог
image_0875.jpg,Главный технолог
image_0876.jpg,Главный конструктор
image_0877.jpg,Начальник КБ
image_0878.jpg,Начальник цеха
image_0879.jpg,Мастер участка
image_0880.jpg,Бригадир
image_0881.jpg,Инженер-конструктор
image_0882.jpg,Инженер-технолог
image_0883.jpg,Инженер-метролог
image_0884.jpg,Техник
image_0885.jpg,Мастер
image_0886.jpg,Наладчик
image_0887.jpg,Слесарь
image_0888.jpg,Фрезеровщик
image_0889.jpg,Токарь
image_0890.jpg,Шлифовщик
image_0891.jpg,Сварщик
image_0892.jpg,Контролер ОТК
image_0893.jpg,Механик
image_0894.jpg,Электрик
image_0895.jpg,КИПиА
image_0896.jpg,Автоматчик
image_0897.jpg,Программист
image_0898.jpg,Проектировщик
image_0899.jpg,Сборка узла
image_0900.jpg,Сварочные работы
image_0901.jpg,Механическая обработка
image_0902.jpg,Термическая обработка
image_0903.jpg,Покраска
image_0904.jpg,Упаковка
image_0905.jpg,Отгрузка
image_0906.jpg,Контроль качества
image_0907.jpg,Испытания
image_0908.jpg,Сертификация
image_0909.jpg,Техническое обслуживание
image_0910.jpg,Ремонт
image_0911.jpg,Модернизация
image_0912.jpg,Реконструкция
image_0913.jpg,Замена
image_0914.jpg,Установка
image_0915.jpg,Монтаж
image_0916.jpg,Демонтаж
image_0917.jpg,Перевозка
image_0918.jpg,Хранение
image_0919.jpg,Консервация
image_0920.jpg,Расконсервация
image_0921.jpg,Утилизация
image_0922.jpg,Списание
image_0923.jpg,Восстановление
image_0924.jpg,Ремонтный комплект
image_0925.jpg,Запасные части
image_0926.jpg,Инструменты
image_0927.jpg,Оснастка
image_0928.jpg,Приспособления
image_0929.jpg,Оборудование
image_0930.jpg,Машины
image_0931.jpg,Агрегаты
image_0932.jpg,Узлы
image_0933.jpg,Детали
image_0934.jpg,Комплекты
image_0935.jpg,Сборочные единицы
image_0936.jpg,Изделия
image_0937.jpg,Продукция
image_0938.jpg,Товары
image_0939.jpg,Материалы
image_0940.jpg,Сырье
image_0941.jpg,Компоненты
image_0942.jpg,Элементы
image_0943.jpg,Узлы конструкции
image_0944.jpg,Детали конструкции
image_0945.jpg,Сборочные чертежи
image_0946.jpg,Рабочие чертежи
image_0947.jpg,Эскизные чертежи
image_0948.jpg,Схемы
image_0949.jpg,Диаграммы
image_0950.jpg,Графики
image_0951.jpg,Таблицы
image_0952.jpg,Спецификации
image_0953.jpg,Ведомости
image_0954.jpg,Перечни
image_0955.jpg,Каталоги
image_0956.jpg,Инструкции
image_0957.jpg,Руководства
image_0958.jpg,Документация
image_0959.jpg,Чертежи
image_0960.jpg,Документы
image_0961.jpg,10500.31230.123СБ
image_0962.jpg,Каркас площадки
image_0963.jpg,Сборочный чертеж
image_0964.jpg,Лим.
image_0965.jpg,Масса
image_0966.jpg,Масштаб
image_0967.jpg,"16,0"
image_0968.jpg,1:10
image_0969.jpg,Лист
image_0970.jpg,Листов 1
image_0971.jpg,Формат АЗ
image_0972.jpg,Чертёж
image_0973.jpg,Деталь
image_0974.jpg,Размер
image_0975.jpg,Сборка
image_0976.jpg,Узел № 1 (1:2)
image_0977.jpg,Применить по всем поз. 2
image_0978.jpg,10500.31230.123СБ
image_0979.jpg,Каркас площадки
image_0980.jpg,Сборочный чертеж
image_0981.jpg,"16,0"
image_0982.jpg,1:10
image_0983.jpg,Фонометр АЗ
image_0984.jpg,70x5=350
image_0985.jpg,450
image_0986.jpg,50
image_0987.jpg,900
image_0988.jpg,550
image_0989.jpg,20
image_0990.jpg,п.7 TT
image_0991.jpg,Узел 1
image_0992.jpg,Техника безопасности по нормативной документации завода-строителя.
image_0993.jpg,Сварка по альбому 10000.12310.654.
image_0994.jpg,Контроль сварных швов по 4-й категории ОСТ5Р.1093-93.
image_0995.jpg,Неуказанные предельные отклонения по ГОСТ 30893.1-2002 ± IT14/2.
image_0996.jpg,Грунтовать мехоперационным грунтом по технологии завода-строителя.
image_0997.jpg,* Размеры для справок.
image_0998.jpg,Кромку подготовить под сварку по узлу № 145 альбома 10000.12310.654.
image_0999.jpg,АБВГДЕЁЖЗИЙКЛМНОПРСТУФХЦЧШЩЪЫЬЭЮЯ
image_1000.jpg,абвгдеёжзийклмнопрстуфхцчшщъыьэюя
